name,release_year,award_year,award_edition,group_name,category_name,collection_slug,collection_name,runtime_minutes,poster_url,watch_url
Wings,1927,1929,1,Entretenimento,Oscar,oscar-best-picture,Oscar — Melhor Filme,,,
The Broadway Melody,1929,1930,2,Entretenimento,Oscar,oscar-best-picture,Oscar — Melhor Filme,,,
All Quiet on the Western Front,1930,1930,3,Entretenimento,Oscar,oscar-best-picture,Oscar — Melhor Filme,,,
Cimarron,1931,1931,4,Entretenimento,Oscar,oscar-best-picture,Oscar — Melhor Filme,,,
Grand Hotel,1932,1932,5,Entretenimento,Oscar,oscar-best-picture,Oscar — Melhor Filme,,,
Cavalcade,1933,1934,6,Entretenimento,Oscar,oscar-best-picture,Oscar — Melhor Filme,,,
It Happened One Night,1934,1935,7,Entretenimento,Oscar,oscar-best-picture,Oscar — Melhor Filme,,,
Mutiny on the Bounty,1935,1936,8,Entretenimento,Oscar,oscar-best-picture,Oscar — Melhor Filme,,,
The Great Ziegfeld,1936,1937,9,Entretenimento,Oscar,oscar-best-picture,Oscar — Melhor Filme,,,
The Life of Emile Zola,1937,1938,10,Entretenimento,Oscar,oscar-best-picture,Oscar — Melhor Filme,,,
You Can't Take It with You,1938,1939,11,Entretenimento,Oscar,oscar-best-picture,Oscar — Melhor Filme,,,
Gone with the Wind,1939,1940,12,Entretenimento,Oscar,oscar-best-picture,Oscar — Melhor Filme,,,
Rebecca,1940,1941,13,Entretenimento,Oscar,oscar-best-picture,Oscar — Melhor Filme,,,
How Green Was My Valley,1941,1942,14,Entretenimento,Oscar,oscar-best-picture,Oscar — Melhor Filme,,,
Mrs. Miniver,1942,1943,15,Entretenimento,Oscar,oscar-best-picture,Oscar — Melhor Filme,,,
Casablanca,1942,1944,16,Entretenimento,Oscar,oscar-best-picture,Oscar — Melhor Filme,,,
Going My Way,1944,1945,17,Entretenimento,Oscar,oscar-best-picture,Oscar — Melhor Filme,,,
The Lost Weekend,1945,1946,18,Entretenimento,Oscar,oscar-best-picture,Oscar — Melhor Filme,,,
The Best Years of Our Lives,1946,1947,19,Entretenimento,Oscar,oscar-best-picture,Oscar — Melhor Filme,,,
Gentleman's Agreement,1947,1948,20,Entretenimento,Oscar,oscar-best-picture,Oscar — Melhor Filme,,,
Hamlet,1948,1949,21,Entretenimento,Oscar,oscar-best-picture,Oscar — Melhor Filme,,,
All the King's Men,1949,1950,22,Entretenimento,Oscar,oscar-best-picture,Oscar — Melhor Filme,,,
All About Eve,1950,1951,23,Entretenimento,Oscar,oscar-best-picture,Oscar — Melhor Filme,,,
An American in Paris,1951,1952,24,Entretenimento,Oscar,oscar-best-picture,Oscar — Melhor Filme,,,
The Greatest Show on Earth,1952,1953,25,Entretenimento,Oscar,oscar-best-picture,Oscar — Melhor Filme,,,
From Here to Eternity,1953,1954,26,Entretenimento,Oscar,oscar-best-picture,Oscar — Melhor Filme,,,
On the Waterfront,1954,1955,27,Entretenimento,Oscar,oscar-best-picture,Oscar — Melhor Filme,,,
Marty,1955,1956,28,Entretenimento,Oscar,oscar-best-picture,Oscar — Melhor Filme,,,
Around the World in 80 Days,1956,1957,29,Entretenimento,Oscar,oscar-best-picture,Oscar — Melhor Filme,,,
The Bridge on the River Kwai,1957,1958,30,Entretenimento,Oscar,oscar-best-picture,Oscar — Melhor Filme,,,
Gigi,1958,1959,31,Entretenimento,Oscar,oscar-best-picture,Oscar — Melhor Filme,,,
Ben-Hur,1959,1960,32,Entretenimento,Oscar,oscar-best-picture,Oscar — Melhor Filme,,,
The Apartment,1960,1961,33,Entretenimento,Oscar,oscar-best-picture,Oscar — Melhor Filme,,,
West Side Story,1961,1962,34,Entretenimento,Oscar,oscar-best-picture,Oscar — Melhor Filme,,,
Lawrence of Arabia,1962,1963,35,Entretenimento,Oscar,oscar-best-picture,Oscar — Melhor Filme,,,
Tom Jones,1963,1964,36,Entretenimento,Oscar,oscar-best-picture,Oscar — Melhor Filme,,,
My Fair Lady,1964,1965,37,Entretenimento,Oscar,oscar-best-picture,Oscar — Melhor Filme,,,
The Sound of Music,1965,1966,38,Entretenimento,Oscar,oscar-best-picture,Oscar — Melhor Filme,,,
A Man for All Seasons,1966,1967,39,Entretenimento,Oscar,oscar-best-picture,Oscar — Melhor Filme,,,
In the Heat of the Night,1967,1968,40,Entretenimento,Oscar,oscar-best-picture,Oscar — Melhor Filme,,,
Oliver!,1968,1969,41,Entretenimento,Oscar,oscar-best-picture,Oscar — Melhor Filme,,,
Midnight Cowboy,1969,1970,42,Entretenimento,Oscar,oscar-best-picture,Oscar — Melhor Filme,,,
Patton,1970,1971,43,Entretenimento,Oscar,oscar-best-picture,Oscar — Melhor Filme,,,
The French Connection,1971,1972,44,Entretenimento,Oscar,oscar-best-picture,Oscar — Melhor Filme,,,
The Godfather,1972,1973,45,Entretenimento,Oscar,oscar-best-picture,Oscar — Melhor Filme,,,
The Sting,1973,1974,46,Entretenimento,Oscar,oscar-best-picture,Oscar — Melhor Filme,,,
The Godfather Part II,1974,1975,47,Entretenimento,Oscar,oscar-best-picture,Oscar — Melhor Filme,,,
One Flew Over the Cuckoo's Nest,1975,1976,48,Entretenimento,Oscar,oscar-best-picture,Oscar — Melhor Filme,,,
Rocky,1976,1977,49,Entretenimento,Oscar,oscar-best-picture,Oscar — Melhor Filme,,,
Annie Hall,1977,1978,50,Entretenimento,Oscar,oscar-best-picture,Oscar — Melhor Filme,,,
The Deer Hunter,1978,1979,51,Entretenimento,Oscar,oscar-best-picture,Oscar — Melhor Filme,,,
Kramer vs. Kramer,1979,1980,52,Entretenimento,Oscar,oscar-best-picture,Oscar — Melhor Filme,,,
Ordinary People,1980,1981,53,Entretenimento,Oscar,oscar-best-picture,Oscar — Melhor Filme,,,
Chariots of Fire,1981,1982,54,Entretenimento,Oscar,oscar-best-picture,Oscar — Melhor Filme,,,
Gandhi,1982,1983,55,Entretenimento,Oscar,oscar-best-picture,Oscar — Melhor Filme,,,
Terms of Endearment,1983,1984,56,Entretenimento,Oscar,oscar-best-picture,Oscar — Melhor Filme,,,
Amadeus,1984,1985,57,Entretenimento,Oscar,oscar-best-picture,Oscar — Melhor Filme,,,
Out of Africa,1985,1986,58,Entretenimento,Oscar,oscar-best-picture,Oscar — Melhor Filme,,,
Platoon,1986,1987,59,Entretenimento,Oscar,oscar-best-picture,Oscar — Melhor Filme,,,
The Last Emperor,1987,1988,60,Entretenimento,Oscar,oscar-best-picture,Oscar — Melhor Filme,,,
Rain Man,1988,1989,61,Entretenimento,Oscar,oscar-best-picture,Oscar — Melhor Filme,,,
Driving Miss Daisy,1989,1990,62,Entretenimento,Oscar,oscar-best-picture,Oscar — Melhor Filme,,,
Dances with Wolves,1990,1991,63,Entretenimento,Oscar,oscar-best-picture,Oscar — Melhor Filme,,,
The Silence of the Lambs,1991,1992,64,Entretenimento,Oscar,oscar-best-picture,Oscar — Melhor Filme,,,
Unforgiven,1992,1993,65,Entretenimento,Oscar,oscar-best-picture,Oscar — Melhor Filme,,,
Schindler's List,1993,1994,66,Entretenimento,Oscar,oscar-best-picture,Oscar — Melhor Filme,,,
Forrest Gump,1994,1995,67,Entretenimento,Oscar,oscar-best-picture,Oscar — Melhor Filme,,,
Braveheart,1995,1996,68,Entretenimento,Oscar,oscar-best-picture,Oscar — Melhor Filme,,,
The English Patient,1996,1997,69,Entretenimento,Oscar,oscar-best-picture,Oscar — Melhor Filme,,,
Titanic,1997,1998,70,Entretenimento,Oscar,oscar-best-picture,Oscar — Melhor Filme,,,
Shakespeare in Love,1998,1999,71,Entretenimento,Oscar,oscar-best-picture,Oscar — Melhor Filme,,,
American Beauty,1999,2000,72,Entretenimento,Oscar,oscar-best-picture,Oscar — Melhor Filme,,,
Gladiator,2000,2001,73,Entretenimento,Oscar,oscar-best-picture,Oscar — Melhor Filme,,,
A Beautiful Mind,2001,2002,74,Entretenimento,Oscar,oscar-best-picture,Oscar — Melhor Filme,,,
Chicago,2002,2003,75,Entretenimento,Oscar,oscar-best-picture,Oscar — Melhor Filme,,,
The Lord of the Rings: The Return of the King,2003,2004,76,Entretenimento,Oscar,oscar-best-picture,Oscar — Melhor Filme,,,
Million Dollar Baby,2004,2005,77,Entretenimento,Oscar,oscar-best-picture,Oscar — Melhor Filme,,,
Crash,2004,2006,78,Entretenimento,Oscar,oscar-best-picture,Oscar — Melhor Filme,,,
The Departed,2006,2007,79,Entretenimento,Oscar,oscar-best-picture,Oscar — Melhor Filme,,,
No Country for Old Men,2007,2008,80,Entretenimento,Oscar,oscar-best-picture,Oscar — Melhor Filme,,,
Slumdog Millionaire,2008,2009,81,Entretenimento,Oscar,oscar-best-picture,Oscar — Melhor Filme,,,
The Hurt Locker,2008,2010,82,Entretenimento,Oscar,oscar-best-picture,Oscar — Melhor Filme,,,
The King's Speech,2010,2011,83,Entretenimento,Oscar,oscar-best-picture,Oscar — Melhor Filme,,,
The Artist,2011,2012,84,Entretenimento,Oscar,oscar-best-picture,Oscar — Melhor Filme,,,
Argo,2012,2013,85,Entretenimento,Oscar,oscar-best-picture,Oscar — Melhor Filme,,,
12 Years a Slave,2013,2014,86,Entretenimento,Oscar,oscar-best-picture,Oscar — Melhor Filme,,,
Birdman or (The Unexpected Virtue of Ignorance),2014,2015,87,Entretenimento,Oscar,oscar-best-picture,Oscar — Melhor Filme,,,
Spotlight,2015,2016,88,Entretenimento,Oscar,oscar-best-picture,Oscar — Melhor Filme,,,
Moonlight,2016,2017,89,Entretenimento,Oscar,oscar-best-picture,Oscar — Melhor Filme,,,
The Shape of Water,2017,2018,90,Entretenimento,Oscar,oscar-best-picture,Oscar — Melhor Filme,,,
Green Book,2018,2019,91,Entretenimento,Oscar,oscar-best-picture,Oscar — Melhor Filme,,,
Parasite,2019,2020,92,Entretenimento,Oscar,oscar-best-picture,Oscar — Melhor Filme,,,
Nomadland,2020,2021,93,Entretenimento,Oscar,oscar-best-picture,Oscar — Melhor Filme,,,
CODA,2021,2022,94,Entretenimento,Oscar,oscar-best-picture,Oscar — Melhor Filme,,,
Everything Everywhere All at Once,2022,2023,95,Entretenimento,Oscar,oscar-best-picture,Oscar — Melhor Filme,,,
Oppenheimer,2023,2024,96,Entretenimento,Oscar,oscar-best-picture,Oscar — Melhor Filme,,,
Anora,2024,2025,97,Entretenimento,Oscar,oscar-best-picture,Oscar — Melhor Filme,,,
